incident_id,date,era,exam_name,conducting_body,body_type,area,leak_status,action_taken,note,arrests,convictions,aspirants_affected,linked_deaths,deaths_note,source_name,source_url,confidence
PL-0001,2004-04-11,UPA (2004-May2014),All India Pre-Medical Test (AIPMT/CBSE-PMT) 2004,Central Board of Secondary Education (CBSE),Central,All India,Confirmed,Exam cancelled + Arrests-FIR + Probe (CBI/SIT),"Physics and chemistry papers leaked in New Delhi 10-14 hours before the 11 Apr 2004 exam and matched the originals; CBSE cancelled the test nationally, the HRD Minister ordered a CBI probe, 2 were arrested and 13 candidates detained. Day known.",2,,,,,The Tribune,https://www.tribuneindia.com/2004/20040412/main5.htm,High
PL-0002,2006-06-01,UPA (2004-May2014),Himachal Pradesh Combined Pre-Medical Test (HP-CPMT) 2006,Himachal Pradesh University,State,Himachal Pradesh,Confirmed,Retest + Arrests-FIR,"HP-CPMT medical entrance paper leaked via a touts/tutors network linked to a Lucknow printing press; police found a Rs 7 lakh post-dated cheque for a guaranteed seat and a re-test was held. Exact exam/leak day unknown; 1st of month used, probe active Aug 2006.",,,,,,The Tribune,https://www.tribuneindia.com/2006/20060831/himachal.htm,Medium
PL-0003,2008-01-01,UPA (2004-May2014),Vyapam Patwari Recruitment Examination 2008,Madhya Pradesh Professional Examination Board (Vyapam),State,Madhya Pradesh,Confirmed,Arrests-FIR + Probe (CBI/SIT),"Accused produced forged educational certificates to fake eligibility and secure patwari posts; CBI court sentenced 10 to 5 years RI each (Dec 2025). Only year of exam known, Jan placeholder.",,10,,,,The420.in,https://the420.in/vyapam-scam-cbi-court-patwari-exam-fraud-10-convicts-sentenced/,High
PL-0004,2009-07-08,UPA (2004-May2014),MP Pre-Medical Test (PMT) 2009,Vyapam (MPPEB),State,Madhya Pradesh,Confirmed,Arrests-FIR + Probe (CBI/SIT),Paid solvers/impersonators sat the exam in place of registered candidates using forged photo IDs; a state committee's Nov-2011 report found 114 candidates had qualified through impersonation and CBI courts later convicted multiple accused.,,,114,,,The Free Press Journal,https://www.freepressjournal.in/education/indore-5-years-imprisonment-to-candidate-and-impersonator-in-2009-pmt-exam-case,High
PL-0005,2010-06-06,UPA (2004-May2014),RRB Mumbai 2010 recruitment exam (Assistant Loco Pilot / Assistant Station Master),"Railway Recruitment Board (RRB), Mumbai",Central,All India,Confirmed,Arrests-FIR + Probe (CBI/SIT),"CBI registered a case on 15 June 2010 over the leak of question papers for recruitment to 1,936 assistant loco pilot/station master posts (exam scheduled 6 June 2010); in Jan 2024 a CBI special court convicted 10, including the former RRB-Mumbai chairman, to five years RI, with 4 acquitted. Date is the scheduled exam date; day known.",15,10,,,,The Week,https://www.theweek.in/wire-updates/national/2024/01/30/del90-cbi-railways.html,High
PL-0006,2011-01-01,UPA (2004-May2014),Vyapam Contract Teacher Eligibility Test (Samvida Shala Shikshak Patrata Pariksha Varg-3) 2011,Madhya Pradesh Professional Examination Board (Vyapam),State,Madhya Pradesh,Confirmed,Arrests-FIR + Probe (CBI/SIT),"Marks of 84 favoured candidates were inflated on OMR/computer records to qualify them; CBI chargesheeted 95 accused incl. a former state minister, 2 Vyapam officials, 6 middlemen and 83 candidates (Jan 2018). Only year of exam known, Jan placeholder.",,,,,,The Tribune,https://www.tribuneindia.com/news/archive/nation/vyapam-cbi-chargesheets-ex-minister-529713/amp,High
PL-0007,2011-02-17,UPA (2004-May2014),CBSE Class 10 & Class 12 Board Examinations 2011,Central Board of Secondary Education (CBSE),Central,Andaman & Nicobar Islands,Confirmed,Retest + Arrests-FIR,"Class 12 English/Maths and Class 10 science papers were photocopied/leaked at a private residence in Car Nicobar; CBSE re-held the compromised papers using reserve sets. 3 arrested; a local court in Nov 2011 convicted 4 (life imprisonment), one acquitted. Day is the leak date.",3,4,,,,icbse.com,https://www.icbse.com/news/cbse-question-papers-leaked-nicobar-bjp-mp-p1qv,High
PL-0008,2011-05-01,UPA (2004-May2014),AIEEE (All India Engineering Entrance Examination) 2011,Central Board of Secondary Education (CBSE),Central,Uttar Pradesh (Kanpur/Lucknow),Confirmed,Retest + Arrests-FIR,"Paper found being sold in UP (allegedly for ~Rs 6 lakh) hours before the Sunday test; CBSE delayed the exam 2-3 hours the same morning and held a re-exam on 8/11 May 2011 for candidates unable to sit. UP STF arrested 1 and traced others. ~1.2M registered nationally; ~32,000 sat the re-exam. Day known.",1,,32000,,,icbse.com,https://www.icbse.com/news/aieee-2011-question-paper-leaked-exam-postponed-elrl,High
PL-0009,2011-06-19,UPA (2004-May2014),Chhattisgarh Pre-Medical Test (CG-PMT) 2011,Chhattisgarh Professional Examination Board (CG Vyapam/CGPEB),State,Chhattisgarh,Confirmed,Exam cancelled + Arrests-FIR,"CG-PMT scrapped after a crime-branch raid at a Takhatpur rest house (Bilaspur) found ~80 aspirants being tutored from the leaked paper; 12 held incl. some dental/medical students. Second cancellation within weeks (earlier May sitting also deferred). ~20,000 registered. Day known.",12,,20000,,,India TV News,https://www.indiatvnews.com/news/india/chhatisgarh-pmt-rescheduled-after-paper-leak-12-held-8582.html,High
PL-0010,2011-11-13,UPA (2004-May2014),Uttar Pradesh Teacher Eligibility Test (UPTET) 2011,UP Secondary Education Board / Directorate of Education,State,Uttar Pradesh,Confirmed,Arrests-FIR + Probe (SIT),Marks-manipulation/bribery racket (candidates paid Rs 2-5 lakh to be passed) rather than a pure pre-exam leak; the Board director and 11 others were arrested and cash (Rs 1.8+ crore across arrests) recovered. Director arrested 8 Feb 2012; date is the exam date.,12,,,,,India TV News,https://www.indiatvnews.com/news/india/up-secondary-education-board-director-arrested-in-tet-scam-cash-documents-seized-14180.html,High
PL-0011,2012-01-01,UPA (2004-May2014),MP Food Inspector Selection Test 2012,Vyapam (MPPEB),State,Madhya Pradesh,Confirmed,Arrests-FIR + Probe (CBI/SIT),Result/answer-sheet rigging to pass favoured candidates; flagged by STF in Nov 2013 as one of five 2012 recruitment tests rigged. Exact exam date not established; Jan-1-2012 placeholder used.,,,,,,Wikipedia,https://en.wikipedia.org/wiki/Vyapam_scam,Low
PL-0012,2012-01-01,UPA (2004-May2014),MP Pre-PG (Post-Graduate Medical) Test 2012,Vyapam (MPPEB),State,Madhya Pradesh,Confirmed,Arrests-FIR + Probe (CBI/SIT),Vyapam officials supplied photocopied model answer keys to selected candidates (answer-key rigging); flagged by STF in Nov 2013 as one of five 2012 tests rigged. Exact exam date not established; Jan-1-2012 placeholder used.,,,,,,Wikipedia,https://en.wikipedia.org/wiki/Vyapam_scam,Low
PL-0013,2012-01-01,UPA (2004-May2014),MP Transport Constable Recruitment Test 2012,Vyapam (MPPEB),State,Madhya Pradesh,Confirmed,Arrests-FIR + Probe (CBI/SIT),OMR sheets were altered by Vyapam employees to pass favoured candidates; CBI filed a chargesheet against 26 persons over this test. Exact exam date not established; Jan-1-2012 placeholder used.,,,,,,Outlook India,https://www.outlookindia.com/national/india-news-cbi-gives-clean-chit-to-former-mp-minister-in-vyapam-scam-news-323886,Medium
PL-0014,2012-01-08,UPA (2004-May2014),AIIMS Post-Graduate (MD/MS) Entrance Examination 2012,All India Institute of Medical Sciences (AIIMS),Central,Delhi,Confirmed,Arrests-FIR,Gang photographed the PG entrance paper inside the exam hall using mobiles/Bluetooth hidden in shirts and relayed answers; candidates charged Rs 25-35 lakh. Delhi Police arrested 7 incl. two doctors (arrests 13 Jan 2012). Exam early Jan 2012; day approximate.,7,,,,,Careerindia,https://www.careerindia.com/news/2012/01/16/two-doctors-arrested-for-aims-question-paper-leak-case.html,Medium
PL-0015,2012-03-01,UPA (2004-May2014),Karnataka Second PU (Class 12) Board Examination 2012,"Dept. of Pre-University Education, Karnataka",State,Karnataka,Confirmed,Arrests-FIR + Probe,"Physics, Maths and Biology papers were stolen from a sub-treasury strongroom in Chikmagalur district and circulated by email/fax/in person; CID arrested 10 incl. 3 teachers. Exam held March 2012; day approximate.",10,,,,,Careerindia,https://www.careerindia.com/news/2012/04/05/karnataka-pu-paper-leak-case-10-arrested-by-cid.html,High
PL-0016,2012-06-01,UPA (2004-May2014),Jammu & Kashmir Common Entrance Test (JKCET) 2012 - medical (MBBS/BDS),J&K Board of Professional Entrance Examinations (BOPEE),State,Jammu & Kashmir,Confirmed,Arrests-FIR + Probe,"Medical entrance papers with answer keys were sold ahead of the exam; scam surfaced 2013 (FIR 24/2013), Crime Branch arrested the then BOPEE chairman (Nov 2013) and others, 24 beneficiaries identified, 11 candidates later convicted (1 year each). Exam mid-2012; day approximate.",,11,,,,Greater Kashmir,https://www.greaterkashmir.com/kashmir/bopee-scam-convicted-students-had-made-astronomical-jump-in-ranking/,High
PL-0017,2012-06-01,UPA (2004-May2014),MP Pre-Medical Test (PMT) 2012,Vyapam (MPPEB),State,Madhya Pradesh,Confirmed,Arrests-FIR + Probe (CBI/SIT),"Fraud combined impersonation by paid solvers with answer-key/OMR manipulation; STF found 286 candidates cleared by dishonest means and 27 MGM Medical College (Indore) students were later expelled. Exam held first week of June 2012; day approximate, 1st used.",,,286,,,Wikipedia,https://en.wikipedia.org/wiki/Vyapam_scam,Medium
PL-0018,2012-09-30,UPA (2004-May2014),Vyapam Police Constable Recruitment Examination 2012,Madhya Pradesh Professional Examination Board (Vyapam/MPESB),State,Madhya Pradesh,Confirmed,Arrests-FIR + Probe (CBI/SIT),"Candidates arranged impersonators to sit the 30 Sep 2012 constable exam; special CBI court sentenced 11 (6 candidates, 5 impersonators) to 7 years RI each (May 2024).",,11,,,,India TV,https://www.indiatvnews.com/madhya-pradesh/vyapam-case-special-cbi-court-sentences-11-to-7-years-mpesb-case-madhya-pradesh-police-constable-recruitment-examination-mpre-act-2024-05-27-933724,High
PL-0019,2013-01-01,UPA (2004-May2014),Agricultural Development Officer & combined competitive recruitment (2013–2014),Assam Public Service Commission (APSC),State,Assam,Confirmed,Arrests-FIR + Probe (CBI/SIT),"""Cash-for-jobs"" scam: OMR sheets altered and marks enhanced for bribe-paying candidates; former APSC chairman and dozens convicted in 2024. Exam-year date approximate (advertised 2013).",,34,,,,The Assam Tribune,https://assamtribune.com/assam/rakesh-paul-33-others-convicted-in-apsc-cash-for-job-scam-1544892,High
PL-0020,2013-01-01,UPA (2004-May2014),Vyapam Police Constable Recruitment Examination 2013,Madhya Pradesh Professional Examination Board (Vyapam/MPPEB),State,Madhya Pradesh,Confirmed,Arrests-FIR + Probe (CBI/SIT),"Impersonation and forgery in the 2013 constable exam; CBI court convicted 31 (incl. 12 imposters, 7 middlemen), sentencing 1 to 10 years and 30 to 7 years RI (Nov 2019). Only year of exam known, Jan placeholder.",,31,,,,India TV,https://www.indiatvnews.com/news/india/2013-police-constable-recruitment-vyapam-scam-cbi-court-sentence-improsinment-31-accused-566413,High
PL-0021,2013-04-21,UPA (2004-May2014),SSC Combined Graduate Level (CGL) Examination 2013,Staff Selection Commission (SSC),Central,All India,Confirmed,Retest + Arrests-FIR,Question paper leaked and solved off-site; Delhi Crime Branch raided a Pooth Kalan (Delhi) house and arrested 9 mid-solving (incl. a Delhi Police constable who had topped the SI exam). The exam was later scrapped and re-exams ordered (held 2014). Date is the Tier-1 exam/leak date.,9,,,,,SSC Portal,https://sscportal.in/news/si-exam-topper-caught-during-ssc-paper-leak-case,High
PL-0022,2013-07-07,UPA (2004-May2014),MP Pre-Medical Test (PMT) 2013,Vyapam (MPPEB),State,Madhya Pradesh,Confirmed,Arrests-FIR + Probe (CBI/SIT),"On the night before the 7 July 2013 exam Indore police detained 20 out-of-state men hired to impersonate candidates, exposing the racket; a mastermind's list of 317 candidates was later seized and the STF was constituted on 26 Aug 2013.",20,,,23,"SCAM-WIDE, not this single exam: the MP SIT acknowledged 23 'unnatural' deaths of people linked to the Vyapam scam (~7 suicides, ~11 road accidents, ~3 alcohol-related illness); opposition/some press put it at 40-46. CBI probed 24 such deaths and ruled out foul play in every one it examined. Deaths span the whole 2009-2015 scam; attributed to the 2013 PMT row only for indexing. Mostly not suicides and highly contested. Sources: The News Minute, IBTimes, Business Standard.",Careers360,https://news.careers360.com/vyapam-scam-five-sentenced-imprisonment-for-fraud-at-mp-medical-entrance-test-in-2013/amp,High
PL-0023,2013-10-26,UPA (2004-May2014),RAS (Rajasthan Administrative Service) Preliminary Examination 2013,Rajasthan Public Service Commission (RPSC),State,Rajasthan,Confirmed,Exam cancelled + Arrests-FIR + Probe (SIT),RAS-2013 prelims (26 Oct 2013) scrapped after the Rajasthan Police SOG found ~20 of the top 50 selected candidates (incl. the mastermind's wife) had accessed the leaked paper; arrests followed. Date is the exam/leak date.,,,,1,Not an aspirant: the alleged mastermind of the leak died under suspicious circumstances during a custody transfer (Varanasi->Jaipur) in 2014; his family alleged murder. No suicide. Source: Careers360.,Careers360,https://news.careers360.com/rajasthan-ras-paper-leak-mastermind-dies-under-suspicious-circumstances-family-alleges-murder,High
PL-0024,2014-03-05,UPA (2004-May2014),CBSE Class 12 Physics Board Examination 2014,Central Board of Secondary Education (CBSE),Central,Manipur (Imphal),Confirmed,Exam cancelled + Retest + Arrests-FIR,All three sets of the Class 12 Physics paper were leaked a day before the 5 Mar 2014 exam and sold in Manipur; CBSE cancelled the paper statewide and held a re-test on 2 Apr 2014. An FIR was registered. Day known.,,,,,,India TV News,https://www.indiatvnews.com/news/india/latest-news-cbse-class-12-physics-paper-leaked-manipur-retest-34302.html,High
PL-0025,2014-06-29,NDA (May2014-now),"DSSSB Head Clerk (Grade II DASS, Post Code 90/09) Recruitment, Tier-I",Delhi Subordinate Services Selection Board (DSSSB),State,Delhi (NCT of Delhi),Alleged,Exam cancelled + Probe,"Complaints (Oct 2014-Mar 2015) alleged leakage of question papers, mass cheating and impersonation in the Tier-I/Tier-II exams; an inquiry committee found systemic irregularities and the selection was cancelled on 15 Mar 2016. The Supreme Court upheld the cancellation on 3 Mar 2021.",,,,,,SCC Online (Supreme Court judgment coverage),https://www.scconline.com/blog/post/2021/03/05/recruitment-to-public-services-must-command-public-confidence-supreme-court-upholds-cancellation-of-dsssb-head-clerk-selection-process-in-light-of-systematic-irregularities/,Medium
PL-0026,2015-03-29,NDA (May2014-now),UPPCS Preliminary Examination 2015,Uttar Pradesh Public Service Commission (UPPSC),State,Uttar Pradesh (Lucknow),Confirmed,Exam cancelled+Arrests-FIR,Question paper was photographed about an hour before the test at a Lucknow centre and circulated on WhatsApp; CM ordered cancellation and 3 people were arrested.,3,,450000,,,The Tribune,https://www.tribuneindia.com/news/archive/nation/uppcs-exam-cancelled-after-paper-leak-three-arrested-60480,High
PL-0027,2015-05-03,NDA (May2014-now),AIPMT 2015 (All India Pre-Medical Test),CBSE,Central,All India,Confirmed,Exam cancelled + Retest + Arrests-FIR,"Bluetooth/micro-SIM answer-key racket intercepted by Haryana Police in Rohtak; Supreme Court cancelled the May 3 exam on 15 June 2015 and ordered a retest, held 25 July 2015. Leak originated in Haryana.",,,600000,,,Republic World,https://www.republicworld.com/education/entrance-exams/when-supreme-court-cancelled-aipmt-2015-a-reminder-for-neet-ug-integrity-amid-paper-leak-row,High
PL-0028,2015-11-14,NDA (May2014-now),HTET Level-3 (Haryana Teacher Eligibility Test),Haryana Board of School Education (HBSE),State,Haryana (Jind),Confirmed,Exam cancelled + Arrests-FIR,Board cancelled the Level-3 exam the same day after a leak surfaced from Jind; the leaked paper matched the original. Five persons arrested.,5,,137000,,,The Tribune,https://www.tribuneindia.com/news/archive/haryana/htet-paper-leaked-in-jind-exam-cancelled-158218,High
PL-0029,2016-01-01,NDA (May2014-now),State Level Selection Test (SLST) 2016 teacher & Group C/D recruitment,West Bengal School Service Commission (WBSSC),State,West Bengal,Confirmed,Exam cancelled + Probe (CBI/SIT),"OMR-sheet manipulation and appointments beyond vacancies; Calcutta HC (upheld by Supreme Court in 2025) voided about 25,752 appointments. Year-only date.",,,25752,,,DD News,https://ddnews.gov.in/en/west-bengal-teacher-recruitment-scam-calcutta-hc-declares-2016-ssc-recruitment-null-and-void-orders-fresh-appointments/,High
PL-0030,2016-03-06,NDA (May2014-now),Village Panchayat Development Officer (VPDO/VDO) recruitment exam,Uttarakhand Subordinate Service Selection Commission (UKSSSC),State,Uttarakhand,Confirmed,Exam cancelled + Probe (ED/PMLA) + Arrests-FIR,VPDO exam held 6 Mar 2016 was cancelled on 1 Dec 2017; later probes found the paper was leaked via the printing contractor and sold for Rs 10-15 lakh per paper. Included in a 2024 ED money-laundering prosecution naming 17 accused.,17,,,,,Prokerala (PTI),https://www.prokerala.com/news/articles/a1588652.html,Medium
PL-0031,2016-05-01,NDA (May2014-now),NEET-UG 2016 (Phase II),CBSE,Central,All India,Denied,None reported,Inter-state leak allegations around the 2016 NEET Phase II surfaced but were not confirmed nationwide; no nationwide retest ordered. Month approximate (1st used).,,,,,,Careers360 (NEET leak history),https://medicine.careers360.com/articles/how-many-times-neet-paper-leaked,Medium
PL-0032,2017-02-05,NDA (May2014-now),BSSC 1st Inter-Level Combined (Clerical-grade) Competitive Exam,Bihar Staff Selection Commission (BSSC),State,Bihar (Patna) / Jharkhand (arrest),Confirmed,Exam cancelled + Arrests-FIR + Probe (SIT),"The clerical-grade recruitment paper was leaked on WhatsApp; the state cancelled the exam and an SIT arrested the BSSC chairman (a senior IAS officer) along with several relatives and others, around 30 people in total.",30,,,,,The Tribune (PTI),https://www.tribuneindia.com/news/archive/nation/paper-leak-case-bihar-staff-service-commission-chairman-arrested-in-jharkhand-368898,High
PL-0033,2017-05-07,NDA (May2014-now),NEET-UG 2017,CBSE,Central,All India,Alleged,Arrests-FIR,"Uttarakhand/Bihar inter-state racket promised leaked papers for Rs 10-30 lakh; authorities said many ""papers"" sold were fake and there was no confirmed systemic leak. Leak claims centred on Bihar.",,,,,,Careers360 (NEET leak history),https://medicine.careers360.com/articles/how-many-times-neet-paper-leaked,Medium
PL-0034,2017-07-16,NDA (May2014-now),HCS (Judicial Branch) Preliminary Examination 2017,Punjab & Haryana High Court,State,Haryana,Confirmed,Exam cancelled + Arrests-FIR + Probe,"A High Court committee found the paper was leaked and the prelims (109 judicial posts) were scrapped; the then Registrar (Recruitment) and two others were later convicted, two getting five-year jail terms in 2024.",,3,,,,Careers360,https://news.careers360.com/2017-hcs-exam-paper-leak-case-delhi-court-sentences-punjab-haryana-judicial-hc-ex-registrar-5-year-jail,High
PL-0035,2017-07-24,NDA (May2014-now),UP Police Inspector (Sub-Inspector/Inspector) Online Recruitment Test 2017,UP Police Recruitment and Promotion Board (UPPRPB),State,Uttar Pradesh,Confirmed,Exam cancelled+Probe (STF),"The online recruitment test for 3,307 inspector posts, scheduled for 25-26 July 2017, was postponed/cancelled after the question paper went viral on WhatsApp; DGP ordered an STF probe.",,,120000,,,Ground Report,https://www.groundreport.in/education/how-many-exam-papers-leaked-in-yogi-govt-rule/,Medium
PL-0036,2017-10-29,NDA (May2014-now),DSSSB Primary Teacher (PRT) Recruitment Exam for MCD/municipal schools,Delhi Subordinate Services Selection Board (DSSSB),State,Delhi (NCT of Delhi),Confirmed,Exam cancelled + Retest + Arrests-FIR,"Question papers of the PRT exam held on 29 Oct 2017 were leaked amid mass-cheating complaints; Delhi Police registered an FIR the same day and the Lt Governor cancelled the exam on the basis of a police report, directing DSSSB to re-conduct it. Deputy CM separately sought a CBI probe.",,,70000,,,The Tribune,https://www.tribuneindia.com/news/archive/delhi/cm-urges-lg-to-cancel-dsssb-papers-hold-exams-again-507254,High
PL-0037,2018-02-21,NDA (May2014-now),SSC CGL 2017 Tier-II,SSC,Central,All India,Confirmed,Arrests-FIR + Probe (CBI/SIT),Answer key of the 21 Feb 2018 Tier-II paper went viral before the exam start time; nationwide candidate protests followed. CBI booked 17 (10 Sify Technologies employees who ran exam centres + 7 candidates); SC later refused to scrap the exam.,3,,,,,The Tribune,https://www.tribuneindia.com/news/archive/nation/sify-employees-among-17-booked-in-ssc-paper-leak-case-593733,High
PL-0038,2018-03-26,NDA (May2014-now),CBSE Class 12 Economics board exam 2018,CBSE,Central,All India,Confirmed,Retest + Arrests-FIR,"Question paper photographed and circulated on WhatsApp before the exam; CBSE re-conducted the paper on 25 April 2018. Delhi Police arrested teachers, a tutor/coaching owner and bank officials. Leak traced to Delhi and Himachal Pradesh.",,,,,,Careers360,https://news.careers360.com/cbse-paper-leak-class-12-economics-re-exam-april-25-class-10-maths-likely-july/amp,High
PL-0039,2018-03-28,NDA (May2014-now),CBSE Class 10 Mathematics board exam 2018,CBSE,Central,All India,Confirmed,Arrests-FIR,Class 10 Maths paper leaked/circulated before the exam; CBSE ultimately decided against a re-test after finding no unusual score pattern. Arrests linked to the same Delhi/Himachal network as the Economics leak.,,,,,,Careers360,https://news.careers360.com/cbse-paper-leak-class-12-economics-re-exam-april-25-class-10-maths-likely-july/amp,High
PL-0040,2018-03-31,NDA (May2014-now),UPPCL Junior Engineer / Technician online recruitment exams 2018,Uttar Pradesh Power Corporation Ltd (UPPCL),State,Uttar Pradesh,Confirmed,Exam cancelled+Probe (SIT/STF),UPPCL nullified its 2018 online recruitment exams after the STF detected irregularities/paper leak; the conducting private agency was blacklisted and commission officials were suspended.,,,,,,Ground Report,https://www.groundreport.in/education/how-many-exam-papers-leaked-in-yogi-govt-rule/,Medium
PL-0041,2018-09-02,NDA (May2014-now),UPSSSC Tubewell Operator (Nalkoop Chalak) Recruitment Exam,Uttar Pradesh Subordinate Services Selection Commission (UPSSSC),State,Uttar Pradesh (Meerut),Confirmed,Exam cancelled+Arrests-FIR,"The Hindi question paper leaked and was sold for about Rs 7 lakh each; STF arrested 11 people including the alleged mastermind and the exam (3,210 posts) was postponed.",11,,250000,,,Ground Report,https://www.groundreport.in/education/how-many-exam-papers-leaked-in-yogi-govt-rule/,Medium
PL-0042,2019-11-17,NDA (May2014-now),Non-Secretariat Clerk recruitment exam,Gujarat Subordinate Services Selection Board (GSSSB),State,Gujarat,Confirmed,Exam cancelled,Clerk exam cancelled in December 2019 after allegations of a question-paper leak; part of a documented series of Gujarat recruitment leaks.,,,,,,The Federal,https://thefederal.com/states/west/gujarat/after-13-govt-exam-paper-leaks-in-nine-years-gujarat-proposes-new-law,Medium
PL-0043,2019-12-29,NDA (May2014-now),Librarian Grade III recruitment exam,Rajasthan Staff Selection Board (RSMSSB),State,Rajasthan (Jaipur/Kota/Ajmer),Confirmed,Exam cancelled + Arrests-FIR,Question paper and answer key circulated on WhatsApp roughly two hours before the exam; board cancelled it and ordered a re-test. About six persons were arrested.,6,,55000,,,Daijiworld,https://daijiworld.com/news/newsDisplay?newsID=1054403,High
PL-0044,2020-01-01,NDA (May2014-now),Teacher Eligibility Test (TET) 2020,Maharashtra State Council of Examination (MSCE),State,Maharashtra,Confirmed,Arrests-FIR + Probe (CBI/SIT),Marks of thousands of candidates manipulated for money; MSCE commissioner and an IAS officer among those arrested. Year-only date.,13,,7800,,,Careers360,https://news.careers360.com/tet-case-ias-officer-held-in-thane-count-of-arrested-rises-13,High
PL-0045,2020-09-20,NDA (May2014-now),Sub-Inspector (unarmed branch) written exam,"State Level Police Recruitment Board (SLPRB), Assam",State,Assam,Confirmed,Exam cancelled + Arrests-FIR,Paper circulated on WhatsApp the morning of the test; exam cancelled minutes after it began and a CID probe followed.,3,,66000,,,The Sentinel,https://www.sentinelassam.com/north-east-india-news/assam-news/3-arrested-in-connection-with-leaking-assam-police-si-written-test-question-paper-503093,High
PL-0046,2020-10-11,NDA (May2014-now),Medical Officer (Dental) recruitment test,Baba Farid University of Health Sciences (BFUHS),State,"Punjab (leak traced to Goindwal Sahib, Tarn Taran)",Confirmed,Exam cancelled + Retest,"Question paper for the dental officer post went viral on social media about 80 minutes into the test; BFUHS traced the leak to one centre, withheld the dental result and re-conducted only the dental paper (general MO and pharmacist papers stood); retest declared 1,957 of ~3,000 eligible for 35 posts.",,,11000,,,The Tribune,https://www.tribuneindia.com/news/punjab/1-957-clear-dental-medical-officer-retest-161116,High
PL-0047,2020-12-06,NDA (May2014-now),Junior Engineer (JEN) recruitment exam,Rajasthan Staff Selection Board (RSMSSB),State,Rajasthan (Jaipur),Confirmed,Exam cancelled + Arrests-FIR + Retest,Paper leaked from a Jaipur government school ahead of the test; board cancelled the exam. Around 24 people were arrested; the September 2021 re-test was also found compromised and an assistant engineer who used the leaked re-test paper was later arrested.,24,,,,,Careers360,https://news.careers360.com/rajasthan-je-recruitment-2020-question-paper-for-exam-recruit-junior-engineers-was-leaked-even-during-re-test-police/amp,High
PL-0048,2021-01-03,NDA (May2014-now),"Railway GDCE 2021 (General Departmental Competitive Exam, RRC Mumbai)",Railway Recruitment Cell (Western Railway),Central,Gujarat,Confirmed,Arrests-FIR + Probe (CBI/SIT),Candidates allegedly supplied papers with answers before the 3 Jan 2021 computer-based test via WhatsApp for payment; CBI registered a case (Jan 2024) against exam agency Aptech Ltd and named 15 people including 10 railway officials and a CRPF constable.,,,8600,,,ThePrint,https://theprint.in/india/railways-exam-paper-leak-cbi-registers-case-against-mumbai-based-aptech-ltd/1916726/,High
PL-0049,2021-01-09,NDA (May2014-now),HSSC Gram Sachiv (Panchayat Secretary) exam,Haryana Staff Selection Commission (HSSC),State,Haryana (Hisar),Confirmed,Exam cancelled + Arrests-FIR,Exams held Jan 9-10 for 697 posts were cancelled after an answer-key and impersonation racket surfaced; 18 suspects arrested across two centres.,18,,800000,,,The Tribune,https://www.tribuneindia.com/news/punjab/paper-leak-hssc-cancels-gram-sachiv-examination-two-more-arrested-in-hisar-199422,High
PL-0050,2021-02-28,NDA (May2014-now),Army Soldier General Duty Common Entrance Exam 2021,Indian Army,Central,All India,Confirmed,Exam cancelled + Arrests-FIR,Pan-India recruitment exam cancelled about an hour before start after Pune Police found the paper on phones of apprehended suspects matching the set paper; insider role probed.,3,,,,,The Tribune,https://www.tribuneindia.com/news/nation/army-cancels-recruitment-exam-after-paper-leak-218658,High
PL-0051,2021-07-01,NDA (May2014-now),"Forest Guard, Secretariat Security Guard and an earlier graduate-level exam (2021)",Uttarakhand Subordinate Service Selection Commission (UKSSSC),State,Uttarakhand,Confirmed,Exam cancelled + Retest,"Three UKSSSC exams held in 2021 (graduate-level in May, forest guard in July, secretariat security guard in September) covering 1,282 posts were cancelled on 31 Dec 2022 after an STF probe found the papers were leaked; fresh exams ordered.",,,,,,Careers360 (PTI),https://news.careers360.com/uttarakhand-three-government-recruitment-exams-uksssc-graduate-level-forest-guard-secretariat-guard-exam-cancelled-uksssc-chairman,High
PL-0052,2021-08-07,NDA (May2014-now),HSSC Police Constable (Male) recruitment exam,Haryana Staff Selection Commission (HSSC),State,Haryana (Kaithal),Confirmed,Exam cancelled + Arrests-FIR,Written exam cancelled after the paper and answer key leaked from a Jammu-based printing agency and were sold for lakhs per candidate; the investigation reached 167 arrests over nearly four years.,167,,,,,The Tribune,https://www.tribuneindia.com/news/haryana/four-years-on-one-more-held-in-hssc-constable-exam-leak-case,High
PL-0053,2021-09-12,NDA (May2014-now),NEET-UG 2021,NTA,Central,All India,Confirmed,Arrests-FIR,Invigilator and solver-gang involvement with localized arrests (notably a Rajasthan impersonation/solver racket); no nationwide cancellation or retest.,,,,,,Careers360 (NEET leak history),https://medicine.careers360.com/articles/how-many-times-neet-paper-leaked,Medium
PL-0054,2021-09-13,NDA (May2014-now),Sub-Inspector (SI) recruitment exam 2021,Rajasthan Public Service Commission (RPSC),State,Rajasthan (statewide),Confirmed,Arrests-FIR + Probe (SIT/SOG) + Exam cancelled,"Large-scale paper leak involving two RPSC members (one accused of passing the paper to his two children who topped the exam, arrested Sept 2024) plus dummy candidates and distribution gangs. Over 50 trainee SIs and associates arrested; the High Court quashed the recruitment (859 posts) on Aug 28, 2025, an order later stayed on appeal.",54,,,,,ETV Bharat,https://www.etvbharat.com/en/!state/rajasthan-high-court-cancels-2021-si-recruitment-exam-over-paper-leak-enn25082802897,High
PL-0055,2021-09-26,NDA (May2014-now),REET 2021 (Rajasthan Eligibility Exam for Teachers) Level 2,Board of Secondary Education Rajasthan (BSER/RBSE),State,Rajasthan,Confirmed,Exam cancelled + Arrests-FIR + Retest,"Level-2 paper leak led the state to cancel and re-conduct the exam, expanding posts from 32,000 to 62,000. Roughly 38 people were arrested by the SOG; the board chairman was sacked and the secretary and two others suspended.",38,,,,,Careers360,https://news.careers360.com/reet-2021-rajasthan-govt-cancels-level-2-exam/amp,High
PL-0056,2021-10-03,NDA (May2014-now),Police Sub-Inspector (PSI) recruitment exam,Karnataka State Police / Recruitment Wing,State,Karnataka,Confirmed,Exam cancelled + Arrests-FIR + Probe (CBI/SIT),"OMR answer sheets tampered to favour candidates; results annulled and a re-exam held, with senior police officers among those arrested.",30,,54041,,,The Quint,https://www.thequint.com/news/politics/explained-all-you-need-to-know-about-psi-scam-for-the-recruitment-of-police-sub-inspectors-in-karnataka,High
PL-0057,2021-10-23,NDA (May2014-now),Patwari (village revenue officer) recruitment exam,Rajasthan Staff Selection Board (RSMSSB),State,Rajasthan (Jaipur/Dausa),Alleged,Arrests-FIR,"A coaching-institute owner was arrested for selling a fake question paper (taking Rs 4 lakh advance) and a government clerk for appearing as a dummy candidate; the paper sold was found to be fake, not a genuine leak of the official paper. Exam concluded and was not cancelled. Over 5,300 posts; ~15.62 lakh registered.",2,,1562000,,,Careers360,https://news.careers360.com/patwari-exam-coaching-institute-owner-govt-school-clerk-held-in-rajasthan-for-malpractice/amp,Medium
PL-0058,2021-11-28,NDA (May2014-now),Uttar Pradesh Teacher Eligibility Test (UPTET) 2021,UP Examination Regulatory Authority / Basic Education Board (UPBEB),State,Uttar Pradesh (statewide),Confirmed,Exam cancelled+Arrests-FIR,"Paper circulated on WhatsApp in several districts before the 10 am start, forcing cancellation for nearly 20 lakh candidates; STF arrested at least 23 (later ~29), including the suspended ERA secretary and a Delhi printing-firm director.",23,,1999000,,,India TV News,https://www.indiatvnews.com/education/news-uptet-2021-question-paper-leaked-uttar-pradesh-tet-exam-cancelled-updeled-gov-in-747079,High
PL-0059,2021-12-04,NDA (May2014-now),Graduate-level (Snatak) recruitment exam,Uttarakhand Subordinate Service Selection Commission (UKSSSC),State,Uttarakhand (Dehradun/Bijnor),Confirmed,Exam cancelled + Arrests-FIR + Probe (STF/SIT),Graduate-level exam for 854 posts across 13 departments held 4-5 Dec 2021; question papers were sold to candidates for Rs 15-20 lakh. Exam scrapped in Aug 2022 and an STF probe launched; arrests later rose to around 40.,20,,,,,ThePrint (PTI),https://theprint.in/india/20-people-arrested-in-uksssc-paper-leak-case-so-far-uttarakhand-police/1089684/,High
PL-0060,2021-12-12,NDA (May2014-now),Head Clerk recruitment exam,Gujarat Subordinate Services Selection Board (GSSSB),State,Gujarat,Confirmed,Exam cancelled + Arrests-FIR,Question paper obtained from a printing-press manager and sold to candidates before the test; exam cancelled and a retest ordered.,14,,88000,,,Careers360,https://news.careers360.com/guj-exam-for-recruitment-govt-posts-cancelled-after-paper-leak-key-accused-held-gujarat-head-clerk-scam,High
PL-0061,2021-12-12,NDA (May2014-now),MHADA staff recruitment exam,Maharashtra Housing and Area Development Authority (MHADA),State,Maharashtra,Confirmed,Exam cancelled + Arrests-FIR,Three held in Pune (including a question-setter at the private vendor) with digital copies of the paper; exam cancelled pre-emptively.,3,,,,,India TV,https://www.indiatvnews.com/education/news-mhada-recruitment-exam-cancelled-after-3-held-for-bid-to-leak-question-paper-749260,High
PL-0062,2022-02-13,NDA (May2014-now),Class 10 Science & Class 12 Maths revision exams,Tamil Nadu School Education Department,State,Tamil Nadu (Tiruvannamalai),Confirmed,None reported,Papers from two private schools photographed and circulated on WhatsApp; the district Chief Educational Officer was suspended for distribution-rule violations.,,,,,,The News Minute,https://www.thenewsminute.com/article/tn-revision-exam-papers-class-10-and-12-leaked-official-suspended-160999,Medium
PL-0063,2022-03-01,NDA (May2014-now),Lower Division Clerk (LDC) recruitment exam,Rajasthan High Court,State,Rajasthan (Jodhpur),Confirmed,Exam cancelled,"The High Court's LDC recruitment paper was leaked and the exam was cancelled (only month reliably documented in source, so day set to 01).",,,,,,Daijiworld,https://daijiworld.com/news/newsDisplay?newsID=1054403,Medium
PL-0064,2022-03-27,NDA (May2014-now),Forest Guard recruitment exam,Gujarat University / State Forest Department,State,Gujarat,Alleged,Arrests-FIR,A candidate in Mehsana was found with a full answer sheet during the exam; the state minister called it a copy case while opposition alleged a leak.,,,,,,Careers360,https://news.careers360.com/gujarat-forest-guard-recruitment-exam-candidate-detained-sheet-answers-aap-congress-slam-bjp-govt-gujarat-university-forest-department/amp,Medium
PL-0065,2022-03-27,NDA (May2014-now),"Himachal Pradesh Police Constable Recruitment Written Test 2022 (1,334 posts)",Himachal Pradesh Police (state government recruitment),State,Himachal Pradesh,Confirmed,Exam cancelled + Retest + Arrests-FIR + Probe (SIT/CBI),"Written test held 27 March 2022 for 1,334 constable posts was cancelled on 6 May 2022 after the paper was found leaked; a retest was held 3 July 2022 and 1,214 candidates selected. CBI later filed two chargesheets against 88 accused (11 March 2024).",88,,75000,,,The Tribune,https://www.tribuneindia.com/news/himachal/cbi-chargesheets-88-in-cop-recruitment-paper-leak-case-599581/,High
PL-0066,2022-04-27,NDA (May2014-now),SSC (Class 10) board examination,Andhra Pradesh Board of Secondary Education / School Education Dept,State,Andhra Pradesh,Confirmed,Arrests-FIR,"Teachers on exam duty photographed papers minutes after the start (Telugu, then Maths and English) and shared them on WhatsApp across three districts.",70,,,,,Siasat (archive),https://archive.siasat.com/news/andhra-pradesh-how-teachers-plotted-2022-leak-of-class-x-papers-2535422/,High
PL-0067,2022-05-08,NDA (May2014-now),BPSC 67th Combined Competitive Exam (Prelims),Bihar Public Service Commission (BPSC),State,"Bihar (Ara, Bhojpur)",Confirmed,Exam cancelled + Arrests-FIR + Probe (SIT),Question paper screenshots went viral on social media minutes before the exam; BPSC cancelled the prelims and the EOU arrested a BDO/magistrate-in-charge and three exam officials under the IT Act and Bihar exam-conduct law.,4,,600000,,,Careers360,https://news.careers360.com/bpsc-67th-question-paper-leak-bdo-college-invigilator-four-arrested-in-exam-paper-leak-case,High
PL-0068,2022-05-14,NDA (May2014-now),Rajasthan Police Constable recruitment exam,Rajasthan Police Recruitment & Promotion Board,State,Rajasthan (Jaipur/Jhotwara),Confirmed,Exam cancelled + Arrests-FIR + Retest,"Second shift paper was leaked via a screenshot from a Jhotwara exam centre; that shift was cancelled and a fresh test held on July 2 for affected candidates. Eight people arrested, including an assistant sub-inspector.",8,,160000,,,Careers360,https://news.careers360.com/rajasthan-police-constable-exam-paper-leak-fresh-test-on-july-2/amp,High
PL-0069,2022-05-22,NDA (May2014-now),Naib Tehsildar recruitment test (78 posts),Punjab Public Service Commission (PPSC),State,Punjab (Patiala; centres statewide),Confirmed,Arrests-FIR + Exam cancelled,"Dummy candidates photographed question papers with hidden cameras and sent them to solvers in Haryana who relayed answers via Bluetooth/GSM devices; a deal of about Rs 22 lakh was struck; 5 arrested (FIR 11 Nov 2022, more sought) and the government scrapped the merit list and ordered the exam re-conducted.",5,,,,,The Tribune,https://www.tribuneindia.com/news/punjab/5-arrested-for-helping-candidates-cheat-in-punjab-naib-tehsildar-recruitment-test-451278,High
PL-0070,2022-06-01,NDA (May2014-now),Assistant Engineer / Junior Engineer (AE/JE) recruitment exam,Uttarakhand Public Service Commission (UKPSC),State,Uttarakhand (Haridwar),Confirmed,Arrests-FIR + Probe (SIT),"AE/JE exam held June 2022; an SIT found the question paper was leaked for Rs 28 lakh. Nine people were named in an FIR at Kankhal police station (Feb 2023) and three were arrested, including a UKPSC section officer.",3,,,,,Siasat (PTI),https://archive.siasat.com/news/3-arrested-in-uttarakhand-assistant-and-junior-engineer-paper-leak-case-2518878/,High
PL-0071,2022-07-31,NDA (May2014-now),UPSSSC Lekhpal (Mains) Recruitment Exam 2022,Uttar Pradesh Subordinate Services Selection Commission (UPSSSC),State,Uttar Pradesh,Alleged,Arrests-FIR,"21 people including solvers and impersonators were arrested for using unfair means; the Samajwadi Party alleged a paper leak but UPSSSC denied any leak, calling them individual impersonation cases.",21,,250000,,,ThePrint,https://theprint.in/india/up-lekhpal-exam-solvers-candidates-among-21-arrested-akhilesh-alleges-paper-leak/1063273/,High
PL-0072,2022-08-26,NDA (May2014-now),Assistant Engineer (Civil) exam,Arunachal Pradesh Public Service Commission (APPSC),State,Arunachal Pradesh,Confirmed,Arrests-FIR + Probe (CBI/SIT),AE (Civil) paper leaked; APPSC secretary and controller of examinations suspended and a CBI probe recommended.,10,,,,,Careers360,https://news.careers360.com/appsc-examination-paper-leak-secretary-joint-secretary-suspended,High
PL-0073,2022-11-12,NDA (May2014-now),Forest Guard recruitment exam,Rajasthan Staff Selection Board (RSMSSB),State,Rajasthan (Rajsamand),Confirmed,Exam cancelled + Arrests-FIR,Evening shift cancelled after a paper-leak gang was busted in Rajsamand; a technical assistant had received answers on WhatsApp an hour before the test. Nine initially held; the SOG's probe later took total arrests to about 11.,9,,,,,Careers360,https://news.careers360.com/rajasthan-forest-guard-exams-one-shift-cancelled-over-paper-leak-9-held/amp,High
PL-0074,2022-12-23,NDA (May2014-now),BSSC 3rd Graduate Level (CGL) Combined Competitive Prelims 2022,Bihar Staff Selection Commission (BSSC),State,"Bihar (528 centres, 38 districts)",Confirmed,Exam cancelled + Probe (SIT),"Pages of the first-shift question paper (for 2,187 posts) were circulated on WhatsApp/Twitter as the exam began; BSSC referred the matter to the EOU and cancelled the affected shift amid student protests and lathi-charge.",,,,,,Careers360,https://news.careers360.com/bssc-cgl-question-paper-2022-leaked-exam-images-go-viral-on-twitter-bihar,Medium
PL-0075,2022-12-24,NDA (May2014-now),Senior Teacher Grade II (2nd Grade Teacher) General Knowledge exam,Rajasthan Public Service Commission (RPSC),State,Rajasthan (Udaipur),Confirmed,Exam cancelled + Arrests-FIR + Probe (SIT/ED),"Candidates were caught solving the leaked GK paper in a bus near Udaipur hours before the exam; the shift was cancelled. At least 44 arrested (37 students, 7 tutors/experts); an RPSC member allegedly took Rs 60 lakh to leak the paper and was later arrested.",44,,,,,The Print,https://theprint.in/india/rajasthan-2nd-grade-teacher-recruitment-exam-paper-leaked-44-held/1280589/,High
PL-0076,2022-12-25,NDA (May2014-now),Junior Office Assistant (IT) / JOA (IT) Recruitment Exam,"Himachal Pradesh Staff Selection Commission (HPSSC), Hamirpur",State,Himachal Pradesh (Hamirpur),Confirmed,Exam cancelled + Arrests-FIR + Probe (SIT/CBI),"Solved JOA (IT) paper and Rs 2.5 lakh were seized in Hamirpur on 23 December 2022, matching the paper in the HPSSC strongroom; six were arrested initially including a secrecy-branch employee, and the exam was cancelled. The scandal led the state to suspend HPSSC (26 Dec 2022) and dissolve it on 21 February 2023, transferring recruitment to HPPSC.",6,,150000,,,The Tribune,https://www.tribuneindia.com/news/himachal/jr-asst-paper-leaked-in-hamirpur-six-arrested-464017,High
PL-0077,2023-01-08,NDA (May2014-now),Patwari / Lekhpal recruitment exam,Uttarakhand Public Service Commission (UKPSC),State,Uttarakhand (Haridwar),Confirmed,Exam cancelled + Retest + Arrests-FIR,Patwari-Lekhpal exam for 563 posts held 8 Jan 2023 was cancelled after the paper was leaked (an official allegedly sold 380 questions); at least five arrested and an official suspended. Re-exam held 12 Feb 2023 for over one lakh candidates without incident.,5,,100000,,,Careers360 (PTI),https://news.careers360.com/after-series-of-paper-leak-cases-incident-free-lekhpal-exam-in-uttarakhand,High
PL-0078,2023-01-29,NDA (May2014-now),GPSSB Junior Clerk recruitment exam,Gujarat Panchayat Service Selection Board (GPSSB),State,Gujarat,Confirmed,Exam cancelled + Arrests-FIR,Exam postponed hours before start after a copy of the question paper was seized; Gujarat ATS traced an inter-state racket.,19,,953000,,,Careers360,https://news.careers360.com/gujarat-junior-clerk-exam-cancelled-after-question-paper-leak-1-suspect-detained,High
PL-0079,2023-02-25,NDA (May2014-now),REET 2023 (teacher eligibility test),Board of Secondary Education Rajasthan (BSER/RBSE),State,Rajasthan (Jodhpur),Alleged,Arrests-FIR,"Police raided a Jodhpur marriage hall hours before the exam and arrested 37 (30 students, 7 others) over an alleged leak attempt; the paper recovered did not match the actual question paper, and the exam was held as scheduled.",37,,,,,Free Press Journal,https://www.freepressjournal.in/education/reet-2023-37-arrested-in-police-raid-over-alleged-attempts-to-leak-question-paper,Medium
PL-0080,2023-03-05,NDA (May2014-now),"Assistant Engineer (Civil) recruitment exam (also voided Group-I Prelims, AEE, DAO)",Telangana State Public Service Commission (TSPSC),State,Telangana,Confirmed,Exam cancelled + Arrests-FIR + Probe (CBI/SIT),TSPSC confidential-section staff allegedly stole question papers from an office computer and sold them; multiple exams cancelled and an SIT probe launched.,12,,,,,The South First,https://thesouthfirst.com/news/tspsc-paper-leak-fees-waived-for-those-reappearing-in-cancelled-exams-sit-gets-custody-of-accused/,High
PL-0081,2023-03-15,NDA (May2014-now),MP Patwari Recruitment Exam 2023 (Group-2 Sub-Group-4),"Madhya Pradesh Employees Selection Board (ESB, formerly PEB)",State,Madhya Pradesh,Alleged,Probe,"After 30 Jun 2023 results, aspirants and Congress alleged irregularities (7 of top-10 and 114 selections from one Gwalior centre, normalisation disputes); CM stayed appointments amid statewide protests; a state committee gave a clean chit (Feb 2024) and appointments resumed. Exam held online 15 Mar-26 Apr 2023. No paper leak established.",,,974000,,,The Week,https://www.theweek.in/news/india/2023/07/13/mp-patwari-recruitment-scam-worry-for-bjp-govt-as-youths-hold-massive-statewide-protests.html,Medium
PL-0082,2023-05-11,NDA (May2014-now),CGPSC State Service Examination 2021 (recruitment cycle 2020-2022),Chhattisgarh Public Service Commission (CGPSC),State,Chhattisgarh,Alleged,Probe (CBI/SIT)+Arrests-FIR,"CBI probe into nepotism/favouritism in recruitment for deputy collector, deputy SP and other posts; charge sheet alleges the then chairman leaked question papers to relatives and manipulated results, and that a businessman paid Rs 45 lakh to get his son and daughter-in-law selected. Date shown is the 2021 State Service result declaration; probe spans 2020-2022 exams.",12,0,129206,,,The Tribune,https://www.tribuneindia.com/news/chhattisgarh/cgpsc-nepotism-scam-cbi-arrests-ex-chairman-businessman-for-rs-45-lakh-bribe/,High
PL-0083,2023-05-25,NDA (May2014-now),MP Forest Guard (Vanrakshak) Recruitment Exam 2023,Madhya Pradesh Employees Selection Board (ESB),State,Madhya Pradesh,Suspected,Probe,"ESB withheld results of 113 candidates after detecting ""abnormal patterns"" suggesting possible irregularity/document manipulation, pending re-verification (reported Jun 2025); exam held online 25 May-20 Jun 2023 for ~1 lakh candidates for 1,670 posts.",,,100000,,,Bansal News,https://bansalnews.com/mp-forest-guard-bharti-scam-result-hold-esb-investigation-hindi-news-zvj/,Low
PL-0084,2023-06-03,NDA (May2014-now),AIIMS NORCET-4 (Nursing Officer Recruitment),AIIMS New Delhi,Central,All India,Confirmed,Arrests-FIR + Probe (CBI/SIT),"Paper leaked via doctored computer monitors giving remote access to solvers during the 3 June 2023 test for 3,055 nursing-officer posts; CBI arrested the alleged mastermind plus four others and booked a Mohali institute.",5,,,,,The Tribune,https://www.tribuneindia.com/news/delhi/cbi-arrests-mastermind-of-aiims-nursing-officer-recruitment-paper-leak-519366,High
PL-0085,2023-07-16,NDA (May2014-now),Junior Engineer (Civil) main written exam (Combined Technical Services 2022),Odisha Staff Selection Commission (OSSC),State,Odisha,Confirmed,Exam cancelled + Arrests-FIR,"Seized papers matched the original; police confirmed the leak, exam cancelled and a fresh test held on 3 Sept 2023; show-cause to 55 candidates.",17,,,,,Outlook India,https://www.outlookindia.com/education/ossc-cancels-main-written-exam-of-je-civil-as-police-confirm-leak-of-question-paper-news-305233,High
PL-0086,2023-08-17,NDA (May2014-now),Talathi (village accountant) recruitment exam,Maharashtra Revenue Dept / TCS-ION (conducting agency),State,Maharashtra,Alleged,Arrests-FIR,A repeat paper-leak suspect caught in Nashik on day one with 186 photos of the paper and spy gear; topper-favouritism allegations against the conducting agency.,,,865000,,,Lokmat Times,https://www.lokmattimes.com/maharashtra/leaks-cheating-and-cries-for-justice-unraveling-the-talathi-exam-scandal-a475/,Medium
PL-0087,2023-10-01,NDA (May2014-now),Bihar Police Constable Recruitment Written Exam,Central Selection Board of Constable (CSBC),State,Bihar (37 districts),Confirmed,Exam cancelled + Arrests-FIR + Probe (SIT),"CSBC cancelled the Oct 1 constable exam (for 21,391 vacancies) after complaints of paper leak and organised cheating; the EOU registered 67 FIRs across 21 districts and arrested 148 people.",148,,,,,The Week (PTI),https://www.theweek.in/wire-updates/national/2023/10/04/cal1-bh-police-paper-leak.html,High
PL-0088,2024-01-28,NDA (May2014-now),JSSC CGL (Combined Graduate Level / JGGLCCE),Jharkhand Staff Selection Commission (JSSC),State,Jharkhand (Ranchi),Confirmed,Exam cancelled+Probe (CBI/SIT),"JSSC officially cancelled the third-shift general knowledge paper of the CGL exam after roughly 70 questions with answers circulated on WhatsApp before the test; the Feb 4 sitting was postponed. President Murmu asked the state to probe and the opposition demanded a CBI inquiry. About 54,300 aspirants had appeared across 108 centres in Ranchi that day.",,,,,,Careers360,https://news.careers360.com/jssc-cgl-2024-exam-postponed-due-paper-leak-new-dates-soon,High
PL-0089,2024-02-11,NDA (May2014-now),UPPSC Review Officer/Assistant Review Officer (RO/ARO) Preliminary Exam 2023,Uttar Pradesh Public Service Commission (UPPSC),State,Uttar Pradesh (statewide),Confirmed,Exam cancelled+Retest+Probe (STF),"After complaints that questions went viral on social media, the government cancelled the 11 Feb 2024 prelims, ordered a re-exam within six months and handed the probe to the STF.",,,,,,The Tribune,https://www.tribuneindia.com/news/uttar-pradesh/up-government-cancels-ro-aro-exam-over-paper-leak-596545,High
PL-0090,2024-02-17,NDA (May2014-now),UP Police Constable Recruitment Exam 2024,UP Police Recruitment and Promotion Board (UPPRPB),State,Uttar Pradesh (statewide),Confirmed,Exam cancelled+Retest+Arrests-FIR+Probe (STF),"The 17-18 Feb 2024 exam for 60,244 posts (over 48 lakh candidates) was cancelled after the paper was leaked in transit from the press; STF arrested the 3 masterminds and dozens more, and the board chairperson was removed.",54,,4800000,,,The Tribune,https://www.tribuneindia.com/news/uttar-pradesh/up-government-cancels-police-constable-recruitment-exam-orders-re-examination-594134,High
PL-0091,2024-03-15,NDA (May2014-now),BPSC TRE 3.0 School Teacher Recruitment Exam,Bihar Public Service Commission (BPSC),State,Bihar (statewide),Confirmed,Exam cancelled + Retest + Arrests-FIR + Probe (SIT),"EOU found a solver gang obtained the paper before bar-coding/printing; BPSC cancelled both shifts of the March 15 exam and hundreds were detained, with the retest later held in July 2024.",266,,,,,Careers360,https://news.careers360.com/bpsc-tre-30-exam-cancelled-due-paper-leak-re-exam-dates-announced-soon-latest-news,High
PL-0092,2024-03-17,NDA (May2014-now),JPSC Combined Civil Services Preliminary Exam (11th-13th CSE),Jharkhand Public Service Commission (JPSC),State,Jharkhand (Jamtara/Chatra/Dhanbad),Denied,Probe,"Candidates at centres in Jamtara, Chatra and Dhanbad created a ruckus alleging the JPSC prelims question paper was leaked (claiming seals were already open); JPSC, the deputy commissioners and the state government rejected the claim, ruled out any leak, and said action would be taken against those spreading false information.",,,,,,ETV Bharat,https://www.etvbharat.com/en/!state/jharkhand-alleged-question-paper-leak-of-jpsc-examination-enn24031702642,High
PL-0093,2024-05-05,NDA (May2014-now),NEET-UG 2024,NTA,Central,All India,Confirmed,Retest + Arrests-FIR + Probe (CBI/SIT),"CBI confirmed a leak confined to Hazaribagh (Jharkhand)/Patna (Bihar); question paper reached a set of candidates for Rs 30-32 lakh. SC declined a nationwide retest; only the 1,563 grace-mark candidates were retested on 23 June 2024. Over 40 arrested across CBI and Bihar EOU.",,,2300000,4,">=4 NEET aspirants' suicides were reported by families/press as linked to the leak and exam cancellation (2 in Nagpur, incl. an 18-yr-old who left a note refusing the retest; cases in Kokrajhar, Assam and Kalaburagi, Karnataka). Causation (leak vs. general exam stress) is contested and not officially established; count is a floor of individually-reported cases. Sources: India.com, The Quint, Careers360.",National Herald,https://www.nationalheraldindia.com/national/neet-ug-exam-cbi-confirms-paper-leak-limited-to-bihar-centre,High
PL-0094,2024-06-18,NDA (May2014-now),UGC-NET June 2024,NTA,Central,All India,Denied,Exam cancelled + Probe (CBI/SIT),"Education Ministry cancelled the exam a day after it was held citing compromised integrity (darknet/Telegram alert); CBI later filed a closure report finding the ""leaked"" screenshot was doctored by a student and no actual leak occurred. No arrests.",0,,900000,,,The Tribune,https://www.tribuneindia.com/news/india/cbi-closes-ugc-net-paper-leak-case-finds-no-evidence-of-breach,High
PL-0095,2024-06-23,NDA (May2014-now),MPPSC State Service & State Forest Service Prelims 2024,Madhya Pradesh Public Service Commission (MPPSC),State,Madhya Pradesh,Denied,Arrests-FIR + Probe,A Telegram account claimed the General Studies paper had leaked and offered it for sale; MPPSC compared it with the original and declared it fake; Indore police filed an FIR against an unidentified person under IPC/IT Act; exam held as scheduled on 23 Jun 2024 for ~1.83 lakh candidates.,,,183000,,,The Tribune,https://www.tribuneindia.com/news/india/case-registered-for-bid-to-sell-online-fake-question-paper-of-madhya-pradesh-public-service-commission-exam-633671/amp,High
PL-0096,2024-06-23,NDA (May2014-now),NEET-PG 2024,NBEMS,Central,All India,Suspected,None reported,Postponed ~12 hours before the exam as a precaution over credible intelligence of possible impersonation/manipulation at some centres; officials said there was no actual leak. Rescheduled to 11 August 2024.,,,240000,,,Medical Dialogues,https://medicaldialogues.in/news/education/neet-pg-2024-was-postponed-due-to-impersonation-threats-report-131706,Medium
PL-0097,2024-09-21,NDA (May2014-now),JSSC CGL / JGGLCCE (re-conducted exam),Jharkhand Staff Selection Commission (JSSC),State,Jharkhand,Alleged,Arrests-FIR+Probe (CBI/SIT),"Paper-leak allegations dogged the re-held CGL exam taken by over 3 lakh candidates; an SIT and the CID arrested at least 10 people including 5 IRB jawans, but investigators found no physical evidence of an actual leak and concluded a gang extorted money from candidates in the name of a leak. Results were withheld from December 2024 until the Jharkhand High Court dismissed the CBI-probe plea and ordered release in December 2025.",10,,304769,,,ThePrint,https://theprint.in/india/5-irb-jawans-among-8-arrested-by-jharkhand-cid-over-recruitment-exam-paper-leak/2564847/,High
PL-0098,2024-12-01,NDA (May2014-now),NHM Bihar Community Health Officer (CHO) Recruitment Exam,State Health Society (SHS)/NHM Bihar,State,Bihar (Patna and other centres),Confirmed,Exam cancelled + Arrests-FIR + Probe (SIT),"The computer-based CHO exam (for ~4,500 posts) was cancelled after the EOU found a solver gang accessed exam computers via proxy servers and remote software; about 37 people were detained in raids on multiple centres.",37,,,,,India TV,https://www.indiatvnews.com/jobs/news/nhm-bihar-cho-2024-recruitment-exam-cancelled-due-to-paper-leak-2024-12-02-964328,High
PL-0099,2024-12-13,NDA (May2014-now),BPSC 70th Combined Competitive Exam (Prelims),Bihar Public Service Commission (BPSC),State,"Bihar (Bapu Exam Centre, Patna)",Alleged,Retest,"Candidates at the Bapu Pariksha Parisar centre alleged the question-paper seal was broken and leaked; BPSC denied a statewide leak but ordered a re-exam on Jan 4 2025 only for the roughly 12,000 candidates at that Patna centre, triggering protests and a Supreme Court case.",,,480000,,,Careers360,https://news.careers360.com/bpsc-70th-cce-re-exam-on-january-4-for-patna-bapu-exam-centre-paper-leak-protest-cancelled,High
PL-0100,2025-03-04,NDA (May2014-now),East Central Railway departmental promotion exam 2025 (Chief Loco Pilot),East Central Railway / Railway Board,Central,Uttar Pradesh,Confirmed,Arrests-FIR + Probe (CBI/SIT) + Exam cancelled,CBI arrested 26 ECR officials at Mughal Sarai a day before the chief-loco-pilot departmental exam and seized Rs 1.17 crore; 17 candidates caught with handwritten question-paper photocopies. Railway Board then cancelled pending Group-C departmental selections and shifted all such exams to RRB centralised CBT.,26,,,,,India TV News,https://www.indiatvnews.com/news/india/railways-ropes-in-rrb-for-all-departmental-exams-after-cbi-arrests-26-officials-in-paper-leak-case-2025-03-05-979280,High
PL-0101,2025-04-16,NDA (May2014-now),UPESSC Assistant Professor Recruitment Exam 2025,Uttar Pradesh Education Service Selection Commission (UPESSC),State,Uttar Pradesh,Confirmed,Exam cancelled+Arrests-FIR+Probe (STF),"The 16-17 Apr 2025 exam (1,017 posts, ~1.14 lakh candidates) was cancelled after STF found a racket; 3 were arrested, one of whom had been a confidential assistant to the UPESSC chairperson, who resigned.",3,,114000,,,Careers360,https://news.careers360.com/upessc-assistant-professor-exam-cancellation-paper-leak-stf-arrests-fir-chairperson-resignation-fresh-recruitment-examination/amp,High
PL-0102,2025-09-21,NDA (May2014-now),Graduate-level recruitment exam,Uttarakhand Subordinate Service Selection Commission (UKSSSC),State,Uttarakhand (Haridwar),Confirmed,Exam cancelled + Retest + Arrests-FIR + Probe (CBI/SIT),"Graduate-level exam for 416 posts held 21 Sep 2025 with over one lakh candidates; three pages of the paper were leaked from a Haridwar centre. Exam cancelled 11 Oct 2025, a CBI probe recommended and an SIT formed; multiple people arrested (four named accused).",2,,100000,,,The Tribune (PTI),https://www.tribuneindia.com/news/examcancelled/paper-leak-uttarakhand-govt-cancels-graduate-level-recruitment-examination-to-be-held-within-3-months,High
PL-0103,2025-11-23,NDA (May2014-now),Teacher Eligibility Test (TET),Maharashtra State Council of Examination (MSCE),State,Maharashtra,Confirmed,Arrests-FIR + Probe (CBI/SIT),Kolhapur police busted a ring selling leaked TET papers for about Rs 3 lakh each; test-takers caught awaiting materials at a raid.,18,,,,,Careers360,https://news.careers360.com/maharashtra-tet-paper-leak-18-arrested-in-kolhapur-for-alleged-exam-scam,High
PL-0104,2025-12-21,NDA (May2014-now),"Group-B recruitment exam (408 posts incl Naib Tehsildar, Treasury Officers, Senior Assistant)",Punjab Subordinate Services Selection Board (PSSSB),State,Punjab (Bathinda highlighted),Suspected,Probe (SIT/VB),"Aspirants alleged irregularities (answer-sheet corrections with whitener, clustering of toppers from Bathinda); PSSSB referred the matter to the Vigilance Bureau in Jan 2026 but the probe remained pending after six months with no arrests; candidates demanded a re-exam.",,,100000,,,The Tribune,https://www.tribuneindia.com/news/bathinda/six-months-on-probe-into-punjab-group-b-paper-leak-still-pending/,Medium
PL-0105,2026-02-26,NDA (May2014-now),Class 12 Chemistry board examination,Maharashtra State Board of Secondary & Higher Secondary Education,State,Maharashtra (Nagpur),Confirmed,Arrests-FIR + Probe (CBI/SIT),Coaching-academy practice-test questions matched the board paper; academy director arrested under the malpractices act and an SIT formed.,1,,,,,Careers360,https://news.careers360.com/maharashtra-board-exams-2026-class-12-chemistry-paper-leak-coaching-class-director-arrested-in-nagpurs-umred-area/amp,Medium
PL-0106,2026-03-14,NDA (May2014-now),CGBSE Class 12 Hindi Board Examination 2026,Chhattisgarh Board of Secondary Education (CGBSE),State,Chhattisgarh,Confirmed,Exam cancelled+Retest+Arrests-FIR,"Class 12 Hindi paper leaked and circulated on social media; board filed a cyber-cell FIR, cancelled the exam on 23 March 2026 and held a statewide re-exam on 10 April 2026; a paper allegedly sold for Rs 3,000. School-leaving board (not a recruitment body).",3,0,,,,Careers360,https://news.careers360.com/chhattisgarh-board-12th-hindi-re-exam-2026-on-april-10-timings-cgbse-paper-leak-social-media-claims,Medium
PL-0107,2026-04-12,NDA (May2014-now),Jharkhand Excise Constable Competitive Exam (JECCE),Jharkhand Staff Selection Commission (JSSC),State,Jharkhand (Ranchi),Alleged,Arrests-FIR+Probe (CBI/SIT),Police busting a cheating racket detained 164 people including 159 candidates during the excise constable exam; question papers in printed and digital form were recovered but did not exactly match the actual exam. Candidates had allegedly paid Rs 10-15 lakh each to an inter-state gang; a later chargesheet named scores of accused.,164,,,,,ThePrint,https://theprint.in/india/jkhand-159-candidates-among-164-held-over-paper-leak-allegations-in-excise-recruitment-exam/2903103/,High
PL-0108,2026-05-03,NDA (May2014-now),NEET-UG 2026,NTA,Central,All India,Confirmed,Exam cancelled + Retest + Probe (CBI/SIT) + Arrests-FIR,"A pre-circulated guess paper overlapped with up to ~120-140 actual questions; NTA cancelled the 3 May exam on 12 May 2026 and CBI took over. Multiple arrests including NTA insiders and coaching staff; retest set for 21 June 2026. Education minister initially disputed the ""leak"" framing.",,,2270000,13,"~13 aspirant suicides reported by press amid post-cancellation retest anxiety, incl. a top-scoring Rajasthan aspirant. This is a press tally, not an official causal count, and conflates leak-specific distress with broader retest/exam-pressure suicides. Sources: Outlook India, WION, Al Jazeera.",Wikipedia (2026 NEET controversy),https://en.wikipedia.org/wiki/2026_NEET_controversy,High
PL-0109,2026-07-04,NDA (May2014-now),HTET Level-3 / PGT (Haryana Teacher Eligibility Test),Haryana Board of School Education (HBSE),State,Haryana,Alleged,None reported,"Congress alleged a paper leak with broken seals, OMR serial mismatches and printing errors across 238 centres; HBSE denied any leak, called the process videographed and secure, and invited objections instead of ordering a retest.",,,,,,The Tribune,https://www.tribuneindia.com/news/haryana/haryana-teacher-eligibility-test-marred-by-controversy/,Medium
PL-0110,2026-07-19,NDA (May2014-now),Pharmacist Officer recruitment exam,Baba Farid University of Health Sciences (BFUHS),State,Punjab (Faridkot/Kotkapura/Ferozepur),Denied,Arrests-FIR,"Police busted a high-tech cheating racket in which a candidate photographed the paper with a pen camera and solvers relayed answers via wireless micro-devices; 7 conspirators arrested and 28 candidates detained, some having given post-dated cheques of Rs 3.5-13 lakh; police stated there was no advance leak of the question paper and no official involvement.",7,,7000,,,The Tribune,https://www.tribuneindia.com/news/punjab/police-arrest-7-kingpins-28-candidates-in-punjab-pharmacist-officer-recruitment-exam-scam/,High
